segment_id,average_shap_value,reliability_shap_value,shap_variance,z_score,avg_meth_R,avg_meth_S,diff,direction,mean_coef,gene_symbol
chr11:126281800-126285001,-0.08820115541260792,0.08820115541260792,0.024816569644672885,1.913497464707303,0.4158089572899887,0.43017213322039416,-0.01436317593040548,U,-0.013305563426376522,TIRAP
chr10:1043200-1051401,0.07544122408515529,0.07544122408515529,0.019011163796917228,1.6499918126572048,0.30266902430075093,0.3222397748056406,-0.019570750504889656,U,-0.018352772581121467,IDI1
chr2:195656200-195661001,0.056254072277831815,0.056254072277831815,0.00889758624091886,1.2537574742250448,0.2145171544836361,0.2390195499758526,-0.0245023954922165,U,-0.022354978154569084,SLC39A10
chr8:23066400-23072401,-0.05121027626312201,0.05121027626312201,0.00813162815091659,1.1495979201054753,0.5786688595359337,0.5278656212077233,0.05080323832821043,M,0.013354394934425366,TNFRSF10B
chr17:73191400-73194801,-0.04934410453391404,0.04934410453391404,0.007356290080032494,1.1110595623570738,0.3387774472594751,0.299424955964409,0.03935249129506613,M,0.014251294019062083,SLC39A11
chr4:107930401-107933401,-0.04932494367446795,0.04932494367446795,0.007866262765810471,1.1106638709828327,0.2637576475472441,0.34253923672830006,-0.07878158918105593,U,-0.011335817681191785,CYP2U1
chr3:184298200-184300601,0.008457298971091053,0.04783158780628151,0.002293261347943742,1.0798245426439186,0.27628807474634204,0.28687243615310204,-0.010584361406760001,U,-0.03423348764625908,PSMD2
chr5:150288600-150289801,0.046382019338843616,0.046382019338843616,0.0059518229933144436,1.0498894689823788,0.8608794197614622,0.7043399960256151,0.15653942373584706,M,0.02123153348548787,CAMK2A
chr19:5902200-5906601,0.045005778678275946,0.045005778678275946,0.004841457385459035,1.0214686896431893,0.30243956328445887,0.3338399892924672,-0.03140042600800835,U,-0.022263701836008475,NDUFA11
chr16:89921200-89927400,0.0013040943219173283,0.04413692443625428,0.0021333040838610127,1.0035259595684718,0.22007918642117963,0.3024318501079083,-0.08235266368672867,U,-0.030283309128886576,TUBB3
chr17:6995400-6996401,-0.04280910477014119,0.04280910477014119,0.007120531688669864,0.9761051233629275,0.9487267827463072,0.8522874823866528,0.09643930035965442,M,0.010365760551514877,ALOX12
chr11:89489801-89492201,0.004015175232953331,0.042237342230629506,0.0019425018093728466,0.9642976412593445,0.20935607428461625,0.30123585866132685,-0.0918797843767106,U,-0.02902510046473647,NOX4
chr16:31201000-31203801,0.04202764709973991,0.04202764709973991,0.004346587944043894,0.9599672220134421,0.49409888143015523,0.9113066566760417,-0.4172077752458865,U,-0.020708418768724125,PYCARD
chr16:88648200-88652801,0.027270468017712105,0.036289028152557475,0.0016300111262377653,0.84145886262353,0.5388979807678508,0.9111284212244686,-0.3722304404566178,U,-0.024819461354186594,CYBA
chr14:53951000-53957801,0.03618514948626993,0.03618514948626993,0.0030305795922904014,0.8393136617606302,0.27756443070226544,0.20702368749907069,0.07054074320319476,M,0.019275097856839365,BMP4
chr14:54899600-54903801,0.030718754159641502,0.03567698995054095,0.0016129138288577469,0.8288196468344172,0.3082078022590198,0.3328249767554668,-0.024617174496447014,U,-0.02432507966981327,GCH1
chr17:8038800-8040601,0.000982766699039182,0.035427076106023456,0.0012823393220059121,0.8236586699556274,0.8996835712699797,0.7968010325761783,0.10288253869380137,M,0.02562675500718655,ALOX15B
chr11:68837800-68844601,0.035028487890660626,0.035028487890660626,0.003310757617035409,0.8154274150300858,0.48842489790499366,0.4262255042123983,0.06219939369259536,M,0.01731786524400791,CPT1A
chr11:637200-637801,0.03436876296766884,0.03436876296766884,0.0017533600764802152,0.8018034196068002,0.35551826155662125,0.9370522646408105,-0.5815340030841892,U,-0.022497720964878246,DRD4
chr11:61814400-61818001,-0.03132661109113575,0.03132661109113575,0.0024550378324362954,0.7389798672467175,0.2104995497684132,0.2299859236994008,-0.019486373930987594,U,-0.014133586051509616,FADS1
chr3:38452800-38456801,0.0311729048856555,0.0311729048856555,0.0021439846977955746,0.7358056766605912,0.20823252250960056,0.226974754730461,-0.01874223222086044,U,-0.017711183604784738,ACVR2B
chr13:109776000-109788801,0.03025403100309241,0.03025403100309241,0.001725896437892909,0.7168299897730246,0.2804566616665122,0.5079528754563909,-0.22749621378987872,U,-0.019144474586839898,IRS2
chr8:144063800-144064001,0.02971236754046837,0.02971236754046837,0.0013942048998120315,0.7056440844379874,0.8054887894974947,0.9398508439666216,-0.13436205446912686,U,-0.018981233668913022,OPLAH
chr1:186678001-186683001,-0.018679346239889427,0.02871887267616203,0.0012409029018697194,0.6851273978423291,0.26676831272397283,0.38432857292836003,-0.1175602602043872,U,-0.01789017885688353,PTGS2
chr2:189576000-189582401,-0.027291176243706753,0.027291176243706753,0.0026469502020847043,0.6556440041069469,0.44155298095782036,0.6208071472877793,-0.17925416632995894,U,-0.008356759152682889,SLC40A1
chr14:29925800-29928800,0.025768541979489596,0.025768541979489596,0.0010802909503352738,0.6242000468998148,0.23084898907775506,0.25786771152293164,-0.027018722445176585,U,-0.017643951981824717,PRKD1
chr5:68287600-68292201,-0.02505155947939886,0.02505155947939886,0.0017517100419965409,0.6093936238598692,0.2220253063899644,0.7151754373571261,-0.49315013096716165,U,-0.010615277760361837,PIK3R1
chr4:109912600-109915601,-0.018135159905096163,0.02496002703168604,0.0009937514443282545,0.607503385056905,0.2239935648579952,0.7177163179535354,-0.4937227530955402,U,-0.01581526432104173,EGF
chr1:52141000-52144001,-0.02474200248063361,0.02474200248063361,0.0017295093369804504,0.6030009547527233,0.20547381460522268,0.20251477163220666,0.002959042973016024,M,0.010414116616681464,ZFYVE9
chr9:121048601-121050800,0.023113476264600058,0.023113476264600058,0.0014757742409543767,0.5693702202742903,0.9112271149812379,0.7715493631003194,0.13967775188091847,M,0.015488384970768512,C5
chr18:41954600-41957001,-0.016732747582932663,0.0220315512791489,0.0005728686903945649,0.5470273610970445,0.14838301468988313,0.16773348556940115,-0.019350470879518022,U,-0.016063916399969895,PIK3C3
chr12:39614800-39622201,-0.02014481351144952,0.02014481351144952,0.0005861161645534434,0.5080642935877757,0.1301112735099169,0.3467508341511607,-0.2166395606412438,U,-0.014020150182704971,ABCD2
chr19:35642600-35645601,-0.01825418593582919,0.01825418593582919,0.0005481163896419567,0.46902089756056614,0.2267809294421313,0.26033536184728756,-0.033554432405156265,U,-0.012622976195761998,COX6B1
chr3:4491400-4496401,-0.014327602211181178,0.014327602211181178,0.0002921732097830759,0.38793292160362675,0.1475230918498942,0.23084046925879909,-0.08331737740890488,U,-0.010923127987820943,ITPR1
chr10:28676400-28681601,-0.013532805370641509,0.013532805370641509,0.0004328150206940663,0.3715195527273246,0.18044365673902865,0.21374640417263668,-0.03330274743360803,U,-0.010390363470817024,BAMBI
chr17:42565800-42568801,-0.013418013921727975,0.013418013921727975,0.0002881333014053121,0.3691489917251147,0.3689027655178053,0.442392461411681,-0.07348969589387566,U,-0.00852994844688806,MLX
chr15:67063800-67069801,-0.013325436480951,0.013325436480951,0.0004569906121351476,0.36723717274497786,0.3574277637343424,0.4007795334452906,-0.04335176971094823,U,-0.007791025283759333,SMAD3
chr9:121071200-121076401,0.005528694680354301,0.013230374237578347,0.00021570553664133636,0.3652740400460297,0.43140772668299815,0.47100670388500143,-0.03959897720200328,U,-0.012708537810741986,C5
chr21:43073201-43077400,-0.005902477291285206,0.005902477291285206,0.0002435329774877555,0.21394546205952214,0.3112771918030294,0.5171866265829118,-0.20590943477988244,U,-0.006244408185794522,CBS
chr11:119055400-119058601,-0.005859312597301753,0.005859312597301753,4.145346809846308e-05,0.21305406691469236,0.2821494438887583,0.3164751040128775,-0.034325660124119195,U,-0.004899017954112924,HYOU1
chr9:78028200-78033801,-0.004832754985750298,0.004832754985750298,2.7919584827521586e-05,0.19185460072188643,0.2366153403047278,0.24576318327799318,-0.009147842973265374,U,-0.007775705735183435,GNAQ
chr2:85417800-85419601,0.003132292694184188,0.003132292694184188,2.943377256611892e-05,0.1567383125987915,0.40125060247364625,0.4595958987403901,-0.05834529626674384,U,-0.007302378477362394,CAPG
chr6:53541800-53548801,0.002901177184865142,0.002901177184865142,2.525048717394609e-05,0.15196554059719142,0.28201382773549133,0.30843788046154386,-0.026424052726052527,U,-0.004735340061271333,GCLC
chr3:11271800-11274401,0.00283777474916718,0.00283777474916718,4.758485251479527e-05,0.15065621535621526,0.2941073468038746,0.302746046286951,-0.008638699483076384,U,-0.01014025324553906,ATG7
chr1:75723400-75727601,0.002589693022984833,0.002589693022984833,2.0119529859888965e-05,0.1455330735977052,0.31873184885041816,0.3534919286101737,-0.034760079759755536,U,-0.005401142788848389,ACADM
chr14:52693600-52697201,0.002191836162063191,0.002191836162063191,1.4412437283983695e-05,0.13731692189050854,0.3253715977037698,0.33952207657418443,-0.014150478870414651,U,-0.006257701868069496,ERO1A
chr2:47170800-47178201,-0.002027067004971026,0.002027067004971026,1.2327001927926622e-05,0.1339142700216929,0.18520239558626717,0.23750501014650127,-0.052302614560234106,U,-0.0048245483816427145,CALM2
chr21:44799800-44803201,0.0016561806443387219,0.0016561806443387219,8.228802980046672e-06,0.12625508677165154,0.20333768438054745,0.24331681982586473,-0.03997913544531728,U,-0.0020973940671162187,UBE2G2
chr22:40950000-40953401,0.001331899829277878,0.001331899829277878,5.321871465691322e-06,0.1195583557762345,0.32308159347474563,0.37463435628867636,-0.05155276281393073,U,-0.0017834616860117052,RBX1
chr19:6719400-6721001,-0.001210784868784423,0.001210784868784423,4.397999995431937e-06,0.11705720778265662,0.3994097179999663,0.6924586770484069,-0.29304895904844064,U,-0.0018702848722070647,C3
chr16:87380800-87394801,0.0009783244918822565,0.0009783244918822565,2.8713564342500266e-06,0.11225666288790241,0.37625797942116845,0.40739089492089287,-0.031132915499724412,U,-0.007468586370164631,MAP1LC3B
chr2:172426600-172431801,-0.0008854169530407616,0.0008854169530407616,2.3518895421959584e-06,0.1103380270446102,0.423026555661551,0.3243574751126288,0.0986690805489222,M,0.002880166598729034,ITGA6
chr18:59356201-59360201,-0.0008801956523503729,0.0008801956523503729,2.3242331592494955e-06,0.11023020183711785,0.1974848464059235,0.2294760836968256,-0.031991237290902086,U,-0.0035658679272624746,LMAN1
chr19:18191600-18195401,-0.000746592081664371,0.000746592081664371,1.6721992092118167e-06,0.10747115125084292,0.22471426421706645,0.3146143220793744,-0.08990005786230795,U,-0.0011160456654296764,MPV17L2
chr12:26830200-26834601,-0.0007264673825596241,0.0007264673825596241,1.5832645737690937e-06,0.10705555560037894,0.2900084309501517,0.33714272708387627,-0.04713429613372455,U,-0.0042163628923586275,ITPR2
chr5:80406800-80411001,0.0004978232203519715,0.0004978232203519715,7.434838761648227e-07,0.10233381944805718,0.29993470601883465,0.3139701013708944,-0.014035395352059776,U,-0.0009623735829087669,ZFYVE16
chr19:57487001-57489400,-0.00048378674656503044,0.00048378674656503044,7.021488484559309e-07,0.10204395188664214,0.21360503586806223,0.2492512887395319,-0.035646252871469664,U,-0.001997309188548447,ZNF419
chr15:66700400-66708201,0.00035423444926675226,0.00035423444926675226,3.764461351419578e-07,0.09936856424558765,0.2256546607385681,0.2640794800107257,-0.03842481927215757,U,-0.0005525305310392773,SMAD6
chr5:122075200-122079401,-0.00029472588499583515,0.00029472588499583515,2.6059004185973476e-07,0.09813965143811539,0.23981474988569065,0.190170185693433,0.049644564192257656,M,0.0008560719692840142,LOX
chr8:144059400-144061401,-0.0002638409332598516,0.0002638409332598516,2.0883611419028846e-07,0.09750184554897108,0.9074326595258533,0.8209926509676453,0.08644000855820799,M,0.0007448142214179278,OPLAH
chr2:31413400-31414801,-0.00016065717153795396,0.00016065717153795396,7.743218029972668e-08,0.09537099517715025,0.26965274235889375,0.6354440534071342,-0.3657913110482404,U,-0.0017298740642315252,XDH
chr12:1970601-1972401,0.00010634123577093425,-0.00010634123577093425,3.392537527586827e-08,0.08985720457681229,0.9114413633269616,0.9438828854311858,-0.03244152210422424,U,-0.0007409351337151373,CACNA1C
chr11:47247400-47250201,-0.00011612102557941685,-0.00011612102557941685,4.045227774484674e-08,0.08965524189972071,0.3748375356576812,0.39871623153332414,-0.023878695875642952,U,-9.873038921587729e-05,NR1H3
chr14:24093400-24096201,0.00021348512505945782,-0.00021348512505945782,1.3672769586495705e-07,0.08764457351433835,0.2677854689506207,0.3476095383598692,-0.07982406940924847,U,-0.0007677917556568832,PCK2
chr1:145991400-146000401,0.00028518329656786125,-0.00028518329656786125,2.439885379239381e-07,0.08616393283146305,0.5002421841375884,0.5498531993446374,-0.049611015207049025,U,-0.004396147427308677,TXNIP
chr2:53784800-53788801,0.0003905414314771959,-0.0003905414314771959,4.5756782910077193e-07,0.08398817942608723,0.2183163549069509,0.20379197883682437,0.014524376070126521,M,0.0040295099750871505,ERLEC1
chr19:41348800-41355001,-0.00043705656189819915,-0.00043705656189819915,5.730553148948231e-07,0.0830275943369331,0.35728895286832485,0.319049496150446,0.03823945671787887,M,0.0030227039098957094,TGFB1
chr11:76206000-76211201,0.0004891038435858572,-0.0004891038435858572,7.176677094313759e-07,0.08195276465747907,0.2178229413371094,0.350366734001858,-0.13254379266474864,U,-0.004423949291123927,WNT11
chr3:171807800-171811801,0.0005062389508027397,-0.0005062389508027397,7.688336259295762e-07,0.08159890714177138,0.41451905677540274,0.3824685280713048,0.032050528704097914,M,0.00029560863886647117,PLD1
chr1:117058200-117061601,0.0006226468908904327,-0.0006226468908904327,1.1630674522065672e-06,0.07919496394102533,0.2542760397041878,0.25853663223048984,-0.004260592526302065,U,-0.00047963548827320904,TTF2
chr1:53014200-53017001,0.0007926942455724898,-0.0007926942455724898,1.885092500891216e-06,0.07568331188546248,0.35518194570006856,0.29032223426193055,0.06485971143813801,M,0.0012636754994758818,SCP2
chr4:74036400-74040001,0.0007992540332257401,-0.0007992540332257401,1.9164210288828375e-06,0.07554784555116013,0.18574213644752455,0.3217094142539566,-0.13596727780643206,U,-0.0019313877039713922,CXCL3
chr2:74463800-74466601,0.0009372862112423631,-0.0009372862112423631,2.6355163253551917e-06,0.07269733968723659,0.30699527677833305,0.3147714519200181,-0.007776175141685049,U,-0.0006455330027581361,MOGS
chr12:106245200-106250801,0.0009748725302067521,-0.0009748725302067521,2.8511293504551435e-06,0.07192114370054145,0.3661621760114227,0.29937527082394977,0.06678690518747293,M,0.00262067416497678,CKAP4
chr16:87859800-87861401,-0.000986151997771449,-0.000986151997771449,2.91748728812586e-06,0.0716882111416476,0.7804533530207673,0.6910897653632595,0.08936358765750785,M,0.0053934755066793625,SLC7A5
chr3:12287000-12293001,0.0009941438164777017,-0.0009941438164777017,2.9649657835225508e-06,0.07152317189925556,0.38901931612630325,0.37202281846403007,0.01699649766227318,M,0.0044560890765179256,PPARG
chr4:107033400-107038000,0.0012316664463542534,-0.0012316664463542534,4.551006705224745e-06,0.06661808629525882,0.1785635181038072,0.22361700206613055,-0.045053483962323365,U,-0.004607219881917129,DKK2
chr5:134647200-134651001,0.0012578912887710842,-0.0012578912887710842,4.746871483098537e-06,0.06607651643695632,0.28049748438863176,0.26119624271192055,0.01930124167671121,M,0.0010597435851564098,SEC24A
chr1:39787600-39790600,0.0012611184892045236,-0.0012611184892045236,4.7712595314405e-06,0.06600987144234885,0.36326797508735287,0.5462724206895296,-0.18300444560217677,U,-0.0013506530505572917,BMP8B
chr11:46590600-46595401,-0.0012971364545962091,-0.0012971364545962091,5.04768894552727e-06,0.06526606356341187,0.5465534590678519,0.5515580385237138,-0.005004579455861857,U,-0.0011698200365157965,AMBRA1
chr6:137865800-137874601,0.0013609050456750923,-0.0013609050456750923,5.556187630031776e-06,0.06394917683876274,0.24977453020215634,0.3385816883001148,-0.08880715809795847,U,-0.00317824712303985,TNFAIP3
chr1:109687200-109688801,-0.001407869418267734,-0.001407869418267734,5.946288896680583e-06,0.06297931443860055,0.4816080766666666,0.1370762645126224,0.3445318121540442,M,0.0013831340569841293,GSTM1
chr2:177260000-177266601,-0.001439866015990365,-0.001439866015990365,6.219642432011898e-06,0.062318551921160745,0.2231023545512123,0.20375112566273626,0.01935122888847604,M,0.006831320270872833,NFE2L2
chr18:49560600-49565601,0.0017480961040164974,-0.0017480961040164974,9.167519966632971e-06,0.05595328487994699,0.33057994532062895,0.5832160194392205,-0.25263607411859157,U,-0.0027087352200469805,LIPG
chr2:26242000-26247601,0.001932291198456876,-0.001932291198456876,1.120124782690173e-05,0.05214946750668915,0.238172508279966,0.29150237810540813,-0.05332986982544213,U,-0.00440808295810485,HADHB
chr6:55578401-55579800,0.0020858587084928645,-0.0020858587084928645,1.3052419655386563e-05,0.04897814112355401,0.30105040983407316,0.5607412237748625,-0.2596908139407893,U,-0.00536115195481056,HMGCLL1
chr1:11652800-11656001,-0.0020914002326203906,-0.0020914002326203906,1.3121864799013874e-05,0.04886370297407639,0.42889963990561697,0.5031461664590089,-0.07424652655339192,U,-0.010792522784025801,FBXO6
chr16:69723200-69728401,0.002132717528133377,-0.002132717528133377,1.3645452164422028e-05,0.04801045849997235,0.6991666691765689,0.5540623205468049,0.14510434862976396,M,0.0031968347506986902,NQO1
chr12:57517800-57524801,-0.0021592174414748113,-0.0021592174414748113,1.398665987870709e-05,0.04746320814531861,0.30691326583997547,0.3507096376198945,-0.04379637177991902,U,-0.006256114331882479,DDIT3
chr17:41929400-41931601,0.0022774823970519035,-0.0022774823970519035,1.556077820664385e-05,0.04502091567255505,0.1970478984954312,0.3010554722938512,-0.10400757379842002,U,-0.0050743650091063,ACLY
chrX:21838800-21841201,0.002309681333153872,-0.002309681333153872,1.6003883582158346e-05,0.044355974660324496,0.19373694741608138,0.3740931964840693,-0.18035624906798792,U,-0.005104304115818789,MBTPS2
chr11:61826800-61832001,0.0023238240705256963,-0.0023238240705256963,1.620047493226385e-05,0.044063912647034666,0.24088406832631454,0.35948653137592346,-0.11860246304960892,U,-0.0033169204908934415,FADS1
chr2:53766800-53769401,-0.0023784245286960107,-0.0023784245286960107,1.697070971610852e-05,0.04293635725796698,0.22108902712476805,0.21613465311678925,0.004954374007978796,M,0.0029733594076158418,CHAC2
chr8:140999000-141002801,0.002421395508985415,-0.002421395508985415,1.758946863280421e-05,0.042048962499342375,0.23476518349316766,0.23514259708829516,-0.00037741359512749595,U,-0.0008983994888119207,PTK2
chr15:63276400-63279001,0.0024813242958690606,-0.0024813242958690606,1.847091078381027e-05,0.04081137166447861,0.31119409780233276,0.32740590420479454,-0.01621180640246178,U,-0.003681048578419199,APH1B
chr6:10402400-10420401,0.002726152634119601,-0.002726152634119601,2.2295724553551718e-05,0.035755415699241455,0.3641393077552164,0.5103130002984332,-0.14617369254321677,U,-0.005518040244979587,TFAP2A
chr9:125235600-125242801,-0.0027671367513258426,-0.0027671367513258426,2.2971137401614416e-05,0.0349090516984499,0.29233403967557076,0.36505935255591104,-0.07272531288034029,U,-0.0053748746248124795,HSPA5
chr1:203349800-203351801,0.0027813632105906363,-0.0027813632105906363,2.3207943927681153e-05,0.034615260742312984,0.888132382250985,0.5794222550361817,0.3087101272148033,M,0.005302545014775044,FMOD
chr8:127733600-127741201,0.0027889231871500216,-0.0027889231871500216,2.33342776314691e-05,0.03445913948259442,0.2149992383293424,0.2196448075763202,-0.004645569246977815,U,-0.001637936577953076,MYC
chr19:6765600-6775001,0.0027978841542325725,-0.0027978841542325725,2.3484467221517156e-05,0.03427408633352246,0.44897146386179715,0.5671800134830474,-0.11820854962125021,U,-0.0035213947099811934,C3
chr6:7725600-7729601,0.0028573173199212356,-0.0028573173199212356,2.449278680016562e-05,0.03304673058400534,0.22544569062295738,0.3304042693409093,-0.10495857871795189,U,-0.0036514373044101043,BMP6
chr9:22004600-22010201,0.002921059422969054,-0.002921059422969054,2.559776445754891e-05,0.031730390864329654,0.2080931961809579,0.10687743322881915,0.10121576295213874,M,0.003853600106111876,CDKN2B
chr16:85797600-85801401,-0.0032135929475118046,-0.0032135929475118046,3.098153889689282e-05,0.0256892739372106,0.29066390820843047,0.3019847569984,-0.011320848789969529,U,-0.0022021671880390037,COX4I1
chr16:55508000-55511401,0.003266629799198223,-0.003266629799198223,3.201261073502946e-05,0.024594008623654712,0.21630319139114756,0.4815900981127692,-0.26528690672162164,U,-0.00786480315654979,LPCAT2
chr20:17679600-17683201,0.0033739934632711884,-0.0033739934632711884,3.415149567059013e-05,0.022376838986764323,0.3447295547817583,0.2937686164468292,0.050960938334929096,M,0.005599999326484012,RRBP1
chr18:3446400-3456801,0.0034130741025828835,-0.0034130741025828835,3.4947224489165866e-05,0.021569783754248523,0.2803077684024211,0.2203836498840197,0.059924118518401404,M,0.005742524622291527,TGIF1
chr10:104267200-104270200,0.00364781279465873,-0.00364781279465873,3.9919614554627804e-05,0.016722189317454502,0.4104070497565667,0.6847761495582871,-0.2743690998017204,U,-0.005702361159030555,GSTO2
chr1:154935600-154939801,0.003739639917013153,-0.003739639917013153,4.1954720126754416e-05,0.01482586518130283,0.41443805681116086,0.39614562935372877,0.018292427457432092,M,0.00543538553292078,PMVK
chr3:10319000-10321801,0.0038670867099315238,-0.0038670867099315238,4.4863078866387054e-05,0.012193958362384738,0.3452350778995471,0.307348157203106,0.03788692069644112,M,0.0057091445544481196,SEC13
chr11:65610400-65617801,0.00386962063701866,-0.00386962063701866,4.4921891623322096e-05,0.012141630172505953,0.3898242600360265,0.37756590836270215,0.012258351673324341,M,0.002267986471276632,MAP3K11
chr21:29297400-29304001,0.0039066935140979865,-0.0039066935140979865,4.5786762639285834e-05,0.01137603728666153,0.38742046705437816,0.40398717960396635,-0.01656671254958819,U,-0.007979020236290418,BACH1
chr12:77062400-77066801,0.003971247638116795,-0.003971247638116795,4.731242340974467e-05,0.010042928502172874,0.2728372984280662,0.22478104960584605,0.04805624882222015,M,0.005778125016259531,E2F7
chr2:20665600-20668600,0.003978776335322625,-0.003978776335322625,4.749198337957002e-05,0.009887453193145011,0.27777077569792175,0.405571524188308,-0.12780074849038625,U,-0.005646897915371171,GDF7
chr3:180035201-180037800,0.004043443051012863,-0.004043443051012863,4.9048295120352623e-05,0.00855201927531246,0.19782557178663465,0.4352835372459205,-0.23745796545928585,U,-0.005706216112749153,PEX5L
chr12:104285800-104291601,0.0040494485143336015,-0.0040494485143336015,4.9194099810715835e-05,0.008428000306276984,0.2940744091794748,0.2595284439678245,0.03454596521165032,M,0.004143950917218511,TXNRD1
chr5:132011000-132012201,0.004163715154637962,-0.004163715154637962,5.2009571666885484e-05,0.006068277139413698,0.2400226890207114,0.3264755409710631,-0.08645285195035174,U,-0.005038160820131727,ACSL6
chr1:179140000-179144001,0.004234551116146287,-0.004234551116146287,5.3794269465767286e-05,0.004605441976211214,0.9083588181126907,0.6231900743325912,0.2851687437800995,M,0.0057999440439642225,ABL2
chr15:89802800-89807201,-0.004302168751052827,-0.004302168751052827,5.5525967887606327e-05,0.003209068553902956,0.872147970258458,0.9219759635363166,-0.049827993277858584,U,-0.009044989147729275,ANPEP
chr1:240609400-240612601,-0.004380992082323641,-0.004380992082323641,5.75792748761473e-05,0.0015812860235542342,0.2848786237353224,0.35548289867350646,-0.07060427493818405,U,-0.007099137305972133,GREM2
chr2:8676200-8686401,0.004453286269396739,-0.004453286269396739,5.9495275791592585e-05,8.833700876266773e-05,0.20925291827090697,0.2995223584794443,-0.09026944020853733,U,-0.008423617240039651,ID2
chr2:207763800-207771601,0.0045365111742626954,-0.0045365111742626954,6.173980090263092e-05,-0.0016303425249060523,0.5146489508644101,0.5818663711890026,-0.06721742032459255,U,-0.005267910753040079,FZD5
chr8:96156200-96162001,0.0045694013621502445,-0.0045694013621502445,6.263828642526154e-05,-0.0023095585945656586,0.29387825907756454,0.3735230039092284,-0.07964474483166384,U,-0.003995548121806692,GDF6
chr19:15231200-15234001,-0.0048952053497924594,-0.0048952053497924594,7.188910624991014e-05,-0.00903774466399046,0.8887788624513219,0.9502296698994027,-0.061450807448080846,U,-0.010489795376114832,EPHX3
chr15:66385800-66390401,0.004946038706667736,-0.004946038706667736,7.338989666356637e-05,-0.010087505552632272,0.31783988616460873,0.33267054130495277,-0.01483065514034404,U,-0.005225826133197863,MAP2K1
chr14:64539000-64545001,0.00507827061807903,-0.00507827061807903,7.736649741133433e-05,-0.012818229969878794,0.6602549328341403,0.7837251710325479,-0.12347023819840763,U,-0.005305125533077523,HSPA2
chr17:5484600-5488201,-0.005154753758215489,-0.005154753758215489,7.971445892351013e-05,-0.014397685156219534,0.25591758430853295,0.2675163855644849,-0.011598801255951974,U,-0.008084923706577044,DERL2
chr22:23960201-23962401,0.005668395819928475,-0.005668395819928475,9.639213351414778e-05,-0.025004919859813932,0.270983522215422,0.43854227577427973,-0.16755875355885774,U,-0.008251078184531043,GSTT2B
chr16:56930800-56936601,-0.006153312869791192,-0.006153312869791192,0.00011358977782061376,-0.035018953645354275,0.35361254880069365,0.3511315759309076,0.0024809728697860467,M,0.002744018948250477,HERPUD1
chr1:209704600-209706200,-0.006207972942302674,-0.006207972942302674,0.00011561678415708638,-0.0361477401316307,0.5566821106972366,0.8861976281151744,-0.32951551741793783,U,-0.009391201677532744,HSD11B1
chr3:196078400-196083401,-0.00625665000433782,-0.00625665000433782,0.00011743700783034132,-0.03715297132310724,0.39715458161866524,0.4156776539238839,-0.018523072305218657,U,-0.00593570190772976,TFRC
chr4:87387400-87392401,0.007185130308355455,-0.007185130308355455,0.00015487829264414444,-0.05632704065367344,0.2593012578419033,0.3940032424775526,-0.1347019846356493,U,-0.008285947014088342,HSD17B11
chr18:12306400-12311001,0.007348049752016676,-0.007348049752016676,0.00016198150547433704,-0.05969149404545824,0.4509206771742533,0.4205778255532431,0.030342851621010247,M,0.004758098399135368,TUBB6
chr1:51514400-51520201,0.007359529336690739,-0.007359529336690739,0.0001624880161728349,-0.059928559227642654,0.2709684811298626,0.2779501268932972,-0.006981645763434574,U,-0.0033596411537414597,FAF1
chr12:57109200-57113201,-0.007739208234267345,-0.007739208234267345,0.00017968603228005442,-0.06776931737187629,0.7028624663647483,0.6438825878046563,0.0589798785600919,M,0.011547266140782034,STAT6
chr6:108557000-108567001,0.008478396750457863,-0.008478396750457863,0.0002156496343745234,-0.08303431739014931,0.22378039386983,0.2686359113671474,-0.044855517497317365,U,-0.008417534590461963,FOXO3
chr2:85407400-85414601,-0.008547578735270624,-0.008547578735270624,0.0002191833067069517,-0.08446299624040185,0.8717509701825095,0.8871464844706798,-0.01539551428817032,U,-0.005429764345233778,CAPG
chr4:184646800-184651001,0.008796158053095297,-0.008796158053095297,0.00023211718948509973,-0.08959641377601454,0.22778187632225988,0.2515665818838321,-0.023784705561572195,U,-0.008384101258634268,CASP3
chr4:113757400-113763801,0.009258432922475114,-0.009258432922475114,0.00025715574053991326,-0.09914286334194813,0.18057385299300005,0.1843041727787508,-0.003730319785750752,U,-0.005062659611566937,CAMK2D
chr5:136131800-136135201,-0.009379512284416669,-0.009379512284416669,0.00026392575208056957,-0.10164327618896528,0.2098584558704415,0.22292950423405627,-0.013071048363614779,U,-0.009737502699592763,SMAD5
chr17:37405000-37408401,0.009586931820613655,-0.009586931820613655,0.000275727785199284,-0.10592670207354857,0.3370229952231171,0.3445884715618889,-0.007565476338771804,U,-0.004384418301859928,ACACA
chr14:93330000-93334401,-0.009646255794764464,-0.009646255794764464,0.000279150752574081,-0.1071518029059629,0.3218931544861773,0.3314965172350875,-0.009603362748910216,U,-0.00968283326035709,COX8C
chr1:46300600-46306401,0.010325992119540396,-0.010325992119540396,0.00010935438102839202,-0.12118905427399022,0.2922672149322112,0.2768157066273018,0.015451508304909378,M,0.0007410364758310215,UQCRH
chr3:41198200-41204801,0.010416951883813837,-0.010416951883813837,0.00010860096797951155,-0.1230674665773252,0.24002876105728024,0.24330694030259326,-0.003278179245313012,U,-0.0006696547727878552,CTNNB1
chr2:27321000-27324401,0.010655669098019791,-0.010655669098019791,0.00017897019543050636,-0.12799722157135,0.1944034605157255,0.19713093188305436,-0.002727471367328871,U,-0.0023506485337072974,MPV17
chr19:48109600-48111601,0.010929404182066352,-0.010929404182066352,0.0003583556273249084,-0.13365013144677307,0.5390242356710393,0.5642471411119926,-0.02522290544095329,U,-0.006436485441568007,PLA2G4C
chr6:36027000-36031401,-0.0126886063036123,-0.0126886063036123,0.0004830021897842094,-0.1699794572268065,0.34092922511841206,0.3436278463344449,-0.002698621216032815,U,-0.006955525971171537,MAPK14
chr20:37344600-37348801,-0.013293542944854533,-0.013293542944854533,0.0005301548520800752,-0.18247201851172323,0.35864636029490143,0.36862480232943917,-0.009978442034537738,U,-0.0084437897659576,SRC
chr7:116524000-116532201,-0.013410366122439015,-0.013410366122439015,0.0005395137586135801,-0.18488453679211028,0.2182003766207703,0.2065696202540854,0.011630756366684897,M,0.010576243950216047,CAV1
chr10:100345600-100351401,-0.013411902474355641,-0.013411902474355641,0.0005396373839448809,-0.18491626403289083,0.23242431458357937,0.2224664141614752,0.009957900422104177,M,0.008152173149226848,SCD
chr6:136787000-136794001,0.013966146695934194,-0.013966146695934194,0.00025368373374968134,-0.19636197492694876,0.32661588145231657,0.3305817593583372,-0.003965877906020654,U,-0.0023271317830232136,MAP3K5
chr3:127819800-127823801,0.020751824019968487,-0.020751824019968487,0.000463681777783903,-0.33649316231227977,0.3285644733577841,0.32523040167416906,0.0033340716836150475,M,-0.0004592638590061489,MGLL
chr20:57263000-57267201,0.0208107181655143,-0.0208107181655143,0.00053182270899334,-0.33770938674372275,0.403119947077495,0.4401558428080632,-0.0370358957305682,U,-0.0002399669942400504,BMP7
chr14:50942000-50945801,0.028819564500645503,-0.028819564500645503,0.001488794930744048,-0.5031002671136955,0.5112433107596592,0.4214697541288772,0.08977355663078201,M,0.004461699433445558,PYGL
chr13:40662000-40668601,0.030913739873763245,-0.030913739873763245,0.00159997775156572,-0.5463471336554776,0.31981802716235264,0.3048416400312741,0.014976387131078517,M,0.003318509828630732,FOXO1
chr5:53478200-53484001,0.03137406173297225,-0.03137406173297225,0.0011195023800502303,-0.5558532515608939,0.2705061566520916,0.26822585732551535,0.0022802993265762517,M,-0.0013551827297276836,FST
chr2:9001000-9005201,0.03152576103317405,-0.03152576103317405,0.0010022882755249937,-0.5589859974973254,0.32054247146561515,0.3266566477856022,-0.006114176319987064,U,-0.0032317813831876253,MBOAT2
chr1:109655200-109657601,0.033170425069923695,-0.033170425069923695,0.0011033313485891226,-0.5929499945036932,0.4599732366841204,0.46661103751279,-0.006637800828669604,U,-0.002851689442225418,GSTM1
chr1:6234200-6237201,0.03926637642358234,-0.03926637642358234,0.001711473756927969,-0.7188376341068589,0.43165864815892174,0.4307559505494052,0.0009026976095165562,M,-0.00283578573238508,ICMT
chr5:134111600-134133201,0.04926454358553172,-0.04926454358553172,0.004809251456521078,-0.9253100272338609,0.6648834765417893,0.69737733391395,-0.032493857372160706,U,0.00019804328164319245,TCF7
chr7:100641400-100642801,0.05485750534604611,-0.05485750534604611,0.00596527359707996,-1.0408104165208172,0.7395804449660991,0.6357750206410261,0.103805424325073,M,-0.0011036219214660293,TFR2
chr1:10470801-10476601,-0.06740612743444555,-0.06740612743444555,0.006410982494942238,-1.2999523163380857,0.4114786684420584,0.4163574357915786,-0.004878767349520197,U,-0.002995659369593456,PEX14
chr10:31317400-31324001,-0.07129763422071134,-0.07129763422071134,0.007501508949430564,-1.380315917587738,0.2327449667956428,0.22786105434814957,0.004883912447493227,M,0.002463803750391253,ZEB1
chr16:87864800-87872201,-0.0788754192955384,-0.0788754192955384,0.010261505937774138,-1.5368049413916334,0.5121442873503802,0.5438941749655328,-0.03174988761515263,U,0.0006141878488747365,SLC7A5
chr4:108157400-108170001,0.08138880302641589,-0.08138880302641589,0.015646405538245586,-1.5887088899208923,0.2937564970191684,0.40446909898597133,-0.11071260196680294,U,0.0023255539053591333,LEF1
chr10:67883600-67887401,-0.09550198392940266,-0.09550198392940266,0.018795042321545326,-1.8801605318542158,0.29558115492857895,0.31456368465303053,-0.01898252972445158,U,-0.0014180177638949097,SIRT1
chr5:131974600-131975801,0.11654119253424626,-0.11654119253424626,0.0361342399244258,-2.3146417402373434,0.9035320310594894,0.7287195045151379,0.17481252654435153,M,0.001303688060075089,ACSL6
chr6:159725200-159730601,0.19052884295161895,-0.19052884295161895,0.10171024862895835,-3.8425625077213383,0.21307985505866445,0.2065225564403941,0.006557298618270341,M,0.00046191662624198247,SOD2
chr3:172519400-172524401,-0.2730933873552398,-0.2730933873552398,0.20319802710884186,-5.547604921428337,0.5844848105476196,0.8338264709005405,-0.24934166035292094,U,0.0012131459382059874,TNFSF10
chr7:151056001-151063801,-0.414588554146017,-0.414588554146017,0.4871804635479062,-8.469625050715708,0.34375800358261316,0.4302823625970813,-0.08652435901446814,U,-0.00021304763535750712,CDK5
